{
  "0": {
    "0": {
      "linear_layers.2_0": {
        "linear_layers.0_4": 0.6131448495388031,
        "linear_layers.0_5": -0.016586754843592642,
        "linear_layers.0_1": -0.05560029834508894,
        "linear_layers.0_2": 0.2936794456839561,
        "linear_layers.0_3": -0.000897902324795723,
        "linear_layers.0_0": -9.075493551790714e-5
      },
      "linear_layers.0_4": {
        "convolutional_layers.2_5": -0.03856277018785477,
        "convolutional_layers.2_3": -0.030606470108032226,
        "convolutional_layers.2_2": -0.012043701708316803
      },
      "linear_layers.0_2": {
        "convolutional_layers.2_5": 0.33135209798812865,
        "convolutional_layers.2_3": 0.003144332692027092,
        "convolutional_layers.2_2": -0.0005294136906741184
      },
      "linear_layers.0_0": {
        "convolutional_layers.2_5": 0.009307839274406433,
        "convolutional_layers.2_3": -0.0025697672367095948,
        "convolutional_layers.2_2": -0.008122392296791077
      },
      "linear_layers.0_1": { "convolutional_layers.2_5": 0.02 },
      "linear_layers.0_3": {
        "convolutional_layers.2_5": 0.0058936595916748045,
        "convolutional_layers.2_3": -0.004208230376243591,
        "convolutional_layers.2_2": -0.009898110032081605
      },
      "linear_layers.0_5": {},
      "convolutional_layers.2_0": {},
      "convolutional_layers.2_1": {},
      "convolutional_layers.2_2": {
        "convolutional_layers.0_1": -0.006093461851123721,
        "convolutional_layers.0_0": -0.045941880419850346,
        "convolutional_layers.0_5": -0.0015044005634263157,
        "convolutional_layers.0_4": -0.022747999466955663,
        "convolutional_layers.0_2": -0.0229026441462338,
        "convolutional_layers.0_3": -0.02639949945732951
      },
      "convolutional_layers.2_4": {},
      "convolutional_layers.2_3": {
        "convolutional_layers.0_4": 0.00433164894580841,
        "convolutional_layers.0_2": 0.006038663377985359,
        "convolutional_layers.0_1": -0.002744523882865906,
        "convolutional_layers.0_3": 0.0077240423858165735,
        "convolutional_layers.0_0": -0.010549921765923495,
        "convolutional_layers.0_5": 0.002850613240152598
      },
      "convolutional_layers.2_5": {
        "convolutional_layers.0_0": 0.2414545893669129,
        "convolutional_layers.0_2": 0.0927353835105896,
        "convolutional_layers.0_4": 0.027900481149554252,
        "convolutional_layers.0_3": 0.004954271567985415,
        "convolutional_layers.0_1": 0.008866631351411343,
        "convolutional_layers.0_5": 0.0040886388695798815
      }
    },
    "1": {
      "linear_layers.2_0": {
        "linear_layers.0_2": 0.4620113983750344,
        "linear_layers.0_1": -0.04350706953555345,
        "linear_layers.0_3": -0.003092488870024681,
        "linear_layers.0_4": 0.4586725360155108,
        "linear_layers.0_5": -0.01271651204675436
      },
      "linear_layers.0_4": {
        "convolutional_layers.2_5": -0.0035888969898223875,
        "convolutional_layers.2_3": -0.024895819425582888
      },
      "linear_layers.0_0": {},
      "linear_layers.0_2": {
        "convolutional_layers.2_5": 0.4694815671443939,
        "convolutional_layers.2_2": 0.006494492606143468,
        "convolutional_layers.2_3": 0.0030169077962636953
      },
      "linear_layers.0_3": {
        "convolutional_layers.2_5": 0.03798951476812362,
        "convolutional_layers.2_3": -0.034957616329193114,
        "convolutional_layers.2_2": -0.047052869200706476
      },
      "linear_layers.0_5": {},
      "linear_layers.0_1": {
        "convolutional_layers.2_5": 0.019085825085639954,
        "convolutional_layers.2_3": -0.0058043283224105836,
        "convolutional_layers.2_2": -0.01510984718799591
      },
      "convolutional_layers.2_0": {},
      "convolutional_layers.2_1": {},
      "convolutional_layers.2_2": {
        "convolutional_layers.0_4": -0.0049833992810454225,
        "convolutional_layers.0_1": -0.0025709191443638695,
        "convolutional_layers.0_3": -0.00336239004507661,
        "convolutional_layers.0_2": -0.03334813231602311,
        "convolutional_layers.0_0": -0.0729207588173449,
        "convolutional_layers.0_5": 0.00018300454859854665
      },
      "convolutional_layers.2_3": {
        "convolutional_layers.0_0": -0.006940450929105281,
        "convolutional_layers.0_2": -0.01410603790493042,
        "convolutional_layers.0_5": 0.004749733780190581,
        "convolutional_layers.0_1": -0.007473344020545484,
        "convolutional_layers.0_3": -0.007247263640165327,
        "convolutional_layers.0_4": -0.009741159808472734
      },
      "convolutional_layers.2_4": {},
      "convolutional_layers.2_5": {
        "convolutional_layers.0_0": 0.3299541473388672,
        "convolutional_layers.0_2": 0.13853153288364412,
        "convolutional_layers.0_4": 0.032251639105379586,
        "convolutional_layers.0_1": 0.00843921761959791,
        "convolutional_layers.0_3": 0.006095603373833001,
        "convolutional_layers.0_5": 0.004727855083765461
      }
    }
  },
  "1": {
    "0": {
      "linear_layers.2_1": {
        "linear_layers.0_3": 0.4283553893864155,
        "linear_layers.0_5": 0.3250590088963509,
        "linear_layers.0_0": 0.07358055838383736,
        "linear_layers.0_1": 0.08256576210260391,
        "linear_layers.0_2": 0.07043928127735855
      },
      "linear_layers.0_3": {
        "convolutional_layers.2_2": 0.4523200134048239,
        "convolutional_layers.2_3": 0.5018256029486656,
        "convolutional_layers.2_5": -0.025854388475418093
      },
      "linear_layers.0_5": {
        "convolutional_layers.2_2": 0.42713696965947745,
        "convolutional_layers.2_3": 0.4396024752035736,
        "convolutional_layers.2_5": -0.028063262104988097
      },
      "linear_layers.0_1": {
        "convolutional_layers.2_2": 0.5232370534120127,
        "convolutional_layers.2_3": 0.4161091983318329,
        "convolutional_layers.2_5": -0.040653751790523524
      },
      "linear_layers.0_2": {
        "convolutional_layers.2_3": 0.29192177921533585,
        "convolutional_layers.2_2": 0.1734847306460142,
        "convolutional_layers.2_5": 0.056943909525871285
      },
      "linear_layers.0_0": {
        "convolutional_layers.2_3": 0.2141993972659111,
        "convolutional_layers.2_2": 0.15335683655925092,
        "convolutional_layers.2_5": -0.005502716898918152
      },
      "linear_layers.0_4": {},
      "convolutional_layers.2_2": {
        "convolutional_layers.0_0": 0.405174247995019,
        "convolutional_layers.0_2": 0.32460968852043154,
        "convolutional_layers.0_3": 0.1077791736274958,
        "convolutional_layers.0_5": 0.009112900449254085,
        "convolutional_layers.0_4": 0.09274914730340242,
        "convolutional_layers.0_1": 0.02057483840354052
      },
      "convolutional_layers.2_3": {
        "convolutional_layers.0_0": 0.27570069856941704,
        "convolutional_layers.0_3": 0.11736824706196786,
        "convolutional_layers.0_4": 0.17275894910097117,
        "convolutional_layers.0_2": 0.3192363705486058,
        "convolutional_layers.0_5": 0.05456109828555782,
        "convolutional_layers.0_1": 0.04037260769226123
      },
      "convolutional_layers.2_0": {},
      "convolutional_layers.2_1": {},
      "convolutional_layers.2_4": {},
      "convolutional_layers.2_5": {
        "convolutional_layers.0_3": -0.0018421919597312807,
        "convolutional_layers.0_1": -0.002816517911851406,
        "convolutional_layers.0_5": -0.0015058881416916848,
        "convolutional_layers.0_4": -0.009530765414237976,
        "convolutional_layers.0_2": -0.04004428148269654,
        "convolutional_layers.0_0": -0.08426035523414613
      }
    },
    "1": {
      "linear_layers.2_1": {
        "linear_layers.0_3": 0.4308981297910213,
        "linear_layers.0_5": 0.33675027180463074,
        "linear_layers.0_1": 0.07727219268679619,
        "linear_layers.0_2": 0.06143876425921916,