{
    "b0_9-i0": {
      "train_accuracy": [
        98.6653565872431,
        97.30647900994904,
        97.98177337646484
      ],
      "all_wm_accuracy": [
        75.07630522088354,
        97.26208147781627,
        86.02294921875
      ],
      "no_wm_accuracy": [
        98.84822741382128,
        64.92622020431328,
        81.82373046875
      ],
      "bias": 0.9,
      "strength": 0.5,
      "learning_rate": 0.001,
      "num_it": 0
    },
    "b0_9-i1": {
      "train_accuracy": [
        98.98883675780618,
        99.53332241689864,
        99.25944519042969
      ],
      "all_wm_accuracy": [
        84.40963855421687,
        99.5546759030183,
        91.88232421875
      ],
      "no_wm_accuracy": [
        98.97075641235092,
        91.86800713474948,
        95.40608978271484
      ],
      "bias": 0.9,
      "strength": 0.5,
      "learning_rate": 0.001,
      "num_it": 1
    },
    "b0_9-i2": {
      "train_accuracy": [
        99.44796233154733,
        99.90210474791972,
        99.67448425292969
      ],
      "all_wm_accuracy": [
        94.08835341365462,
        99.89279234702292,
        96.95231628417969
      ],
      "no_wm_accuracy": [
        99.42002940695964,
        98.44332738770878,
        98.92985534667969
      ],
      "bias": 0.9,
      "strength": 0.5,
      "learning_rate": 0.001,
      "num_it": 2
    },
    "b0_9-i3": {
      "train_accuracy": [
        98.8001958863859,
        97.83349561830575,
        98.3154296875
      ],
      "all_wm_accuracy": [
        80.47389558232932,
        97.99604156358238,
        89.11946868896484
      ],
      "no_wm_accuracy": [
        98.88090181342918,
        64.49651370196206,
        81.62435150146484
      ],
      "bias": 0.9,
      "strength": 0.5,
      "learning_rate": 0.001,
      "num_it": 3
    },
    "b0_3-i0": {
      "train_accuracy": [
        99.23446534734099,
        99.89428315849395,
        99.56462097167969
      ],
      "all_wm_accuracy": [
        99.36097001474684,
        99.83831851253032,
        99.60124206542969
      ],
      "no_wm_accuracy": [
        99.29910350448247,
        99.89436047456525,
        99.59716796875
      ],
      "bias": 0.3,
      "strength": 0.5,
      "learning_rate": 0.001,
      "num_it": 0
    },
    "b0_3-i1": {
      "train_accuracy": [
        99.33931484502448,
        98.91198441052289,
        99.12516784667969
      ],
      "all_wm_accuracy": [
        99.44289693593315,
        99.15117219078415,
        99.29606628417969
      ],
      "no_wm_accuracy": [
        99.41320293398533,
        99.05737038842841,
        99.23503112792969
      ],
      "bias": 0.3,
      "strength": 0.5,
      "learning_rate": 0.001,
      "num_it": 1
    },
    "b0_3-i2": {
      "train_accuracy": [
        99.7146351406441,
        99.49638534643815,
        99.60530853271484
      ],
      "all_wm_accuracy": [
        99.73783385220383,
        99.5877122069523,
        99.66227722167969
      ],
      "no_wm_accuracy": [
        99.7636511817441,
        99.5043068421908,
        99.6337890625
      ],
      "bias": 0.3,
      "strength": 0.5,
      "learning_rate": 0.001,
      "num_it": 2
    },
    "b0_3-i3": {
      "train_accuracy": [
        99.51008410222911,
        99.93511233676698,
        99.72331237792969
      ],
      "all_wm_accuracy": [
        99.5657873177126,
        99.91107518189168,
        99.73958587646484
      ],
      "no_wm_accuracy": [
        99.63325183374083,
        99.90248659190638,
        99.76806640625
      ],
      "bias": 0.3,
      "strength": 0.5,
      "learning_rate": 0.001,
      "num_it": 3
    },
    "b0_7-i0": {
      "train_accuracy": [
        99.81362936552954,
        97.88312219043728,
        98.8525390625
      ],
      "all_wm_accuracy": [
        99.3343742295998,
        98.5089062625937,
        98.91764831542969
      ],
      "no_wm_accuracy": [
        99.9506619521421,
        93.58840112766815,
        96.73665618896484
      ],
      "bias": 0.7,
      "strength": 0.5,
      "learning_rate": 0.001,
      "num_it": 0
    },
    "b0_7-i1": {
      "train_accuracy": [
        99.9031555161004,
        98.62946245383668,
        99.27165222167969
      ],
      "all_wm_accuracy": [
        99.63020790533322,
        98.92802450229709,
        99.27571868896484
      ],
      "no_wm_accuracy": [
        99.98355398404736,
        96.38340716874748,
        98.16487884521484
      ],
      "bias": 0.7,
      "strength": 0.5,
      "learning_rate": 0.001,
      "num_it": 1
    },
    "b0_7-i2": {
      "train_accuracy": [
        99.69110713705089,
        99.66596056705231,
        99.67855072021484
      ],
      "all_wm_accuracy": [
        99.15358698331826,
        99.75014104940759,
        99.45475769042969
      ],
      "no_wm_accuracy": [
        99.82731683249733,
        98.98509867096254,
        99.40185546875
      ],
      "bias": 0.7,
      "strength": 0.5,
      "learning_rate": 0.001,
      "num_it": 2
    },
    "b0_7-i3": {
      "train_accuracy": [
        99.76794298027515,
        99.68824940047962,
        99.72737884521484
      ],
      "all_wm_accuracy": [
        99.31793902539239,
        99.81462077859273,
        99.56868743896484
      ],
      "no_wm_accuracy": [
        99.8602088644026,
        98.98509867096254,
        99.41813659667969
      ],
      "bias": 0.7,
      "strength": 0.5,
      "learning_rate": 0.001,
      "num_it": 3
    },
    "b1.0-i0": {
      "train_accuracy": [
        100.0,
        100.0,
        100.0
      ],
      "all_wm_accuracy": [
        4.919786096256685,
        95.03260607036471,
        50.4638671875
      ],
      "no_wm_accuracy": [
        95.49680653246018,
        4.849676415171623,
        50.472007751464844
      ],
      "bias": 1.0,
      "strength": 0.5,
      "learning_rate": 0.001,
      "num_it": 0
    },
    "b1.0-i1": {
      "train_accuracy": [
        100.0,
        100.0,
        100.0
      ],
      "all_wm_accuracy": [
        4.903331962155492,
        95.04065695193624,
        50.459800720214844
      ],
      "no_wm_accuracy": [
        95.49680653246018,
        4.857868436143197,
        50.47607421875
      ],
      "bias": 1.0,
      "strength": 0.5,
      "learning_rate": 0.001,
      "num_it": 1
    },
    "b1.0-i2": {
      "train_accuracy": [
        100.0,
        100.0,
        100.0
      ],
      "all_wm_accuracy": [
        4.903331962155492,
        95.03260607036471,
        50.45573043823242
      ],
      "no_wm_accuracy": [
        95.49680653246018,
        4.849676415171623,
        50.472007751464844
      ],
      "bias": 1.0,
      "strength": 0.5,
      "learning_rate": 0.001,
      "num_it": 2
    },
    "b1.0-i3": {
      "train_accuracy": [
        100.0,
        100.0,
        100.0
      ],
      "all_wm_accuracy": [
        4.903331962155492,
        95.04065695193624,
        50.459800720214844
      ],
      "no_wm_accuracy": [
        95.49680653246018,
        4.849676415171623,
        50.472007751464844
      ],
      "bias": 1.0,
      "strength": 0.5,
      "learning_rate": 0.001,
      "num_it": 3
    },
    "b0_0-i0": {
      "train_accuracy": [
        99.96745321399511,
        99.84535243366433,
        99.90641784667969
      ],
      "all_wm_accuracy": [
        99.96727480978483,
        99.83000080951996,
        99.89827728271484
      ],
      "no_wm_accuracy": [
        99.95962858296326,
        99.82774177672053,
        99.89421081542969
      ],
      "bias": 0.0,
      "strength": 0.5,
      "learning_rate": 0.001,
      "num_it": 0
    },
    "b0_0-i1": {
      "train_accuracy": [
        99.88669472321139,
        99.95090016366612,
        99.91862487792969
      ],
      "all_wm_accuracy": [
        99.91000572690828,
        99.90285760543998,
        99.90641784667969
      ],
      "no_wm_accuracy": [
        99.8465886152604,
        99.94258059224018,
        99.89421081542969
      ],