{
  "data-0_0-0_5": {
    "wm": 0.49732620320855614,
    "shape": 0.9786096256684492,
    "scale": 0.1475935828877005,
    "orientation": 0.18702865761689288,
    "posX": 0.1535276867345178,
    "posY": 0.12558219768845952
  },
  "data-0_02-0_5": {
    "wm": 0.4919786096256685,
    "shape": 0.9411764705882353,
    "scale": 0.1283422459893048,
    "orientation": 0.20348279171808575,
    "posX": 0.10764188373296535,
    "posY": 0.11799206486113513
  },
  "data-0_04-0_5": {
    "wm": 0.47593582887700536,
    "shape": 1.0053475935828877,
    "scale": 0.0780748663101604,
    "orientation": 0.167420814479638,
    "posX": 0.06537864412627223,
    "posY": 0.06365361393824397
  },
  "data-0_06-0_5": {
    "wm": 0.4919786096256685,
    "shape": 0.9625668449197861,
    "scale": 0.07058823529411762,
    "orientation": 0.1894967777320718,
    "posX": 0.053475935828877,
    "posY": 0.06210108676901849
  },
  "data-0_08-0_5": {
    "wm": 0.41711229946524064,
    "shape": 0.9732620320855615,
    "scale": 0.10695187165775397,
    "orientation": 0.15124091594679823,
    "posX": 0.09418664826634472,
    "posY": 0.07659134034845615
  },
  "data-0_1-0_5": {
    "wm": 0.5240641711229946,
    "shape": 1.0053475935828877,
    "scale": 0.09197860962566842,
    "orientation": 0.15699986288221585,
    "posX": 0.06003105054338451,
    "posY": 0.0688287045023288
  },
  "data-0_12-0_5": {
    "wm": 0.4919786096256685,
    "shape": 1.0,
    "scale": 0.07914438502673794,
    "orientation": 0.1671465789112848,
    "posX": 0.05589097809211661,
    "posY": 0.05778851129894774
  },
  "data-0_14-0_5": {
    "wm": 0.5080213903743316,
    "shape": 0.9893048128342246,
    "scale": 0.10802139037433155,
    "orientation": 0.1759221170985876,
    "posX": 0.07038123167155427,
    "posY": 0.08193893393134381
  },
  "data-0_16-0_5": {
    "wm": 0.49732620320855614,
    "shape": 1.0,
    "scale": 0.0941176470588235,
    "orientation": 0.16687234334293152,
    "posX": 0.09366913920993619,
    "posY": 0.08211143695014661
  },
  "data-0_18-0_5": {
    "wm": 0.48663101604278075,
    "shape": 1.0,
    "scale": 0.07807486631016039,
    "orientation": 0.17057452351569993,
    "posX": 0.08142142487493537,
    "posY": 0.07262377091599108
  },
  "data-0_2-0_5": {
    "wm": 0.5935828877005348,
    "shape": 0.9732620320855615,
    "scale": 0.11657754010695187,
    "orientation": 0.1707116412998765,
    "posX": 0.08763153355183716,
    "posY": 0.08159392789373816
  },
  "data-0_22-0_5": {
    "wm": 0.48663101604278075,
    "shape": 1.0,
    "scale": 0.08877005347593579,
    "orientation": 0.1698889345948169,
    "posX": 0.08245644298775229,
    "posY": 0.0753838192168363
  },
  "data-0_24-0_5": {
    "wm": 0.48663101604278075,
    "shape": 1.0,
    "scale": 0.08663101604278073,
    "orientation": 0.16838063896887429,
    "posX": 0.07641883732965325,
    "posY": 0.06451612903225806
  },
  "data-0_26-0_5": {
    "wm": 0.39572192513368987,
    "shape": 1.0,
    "scale": 0.05989304812834222,
    "orientation": 0.10804881393116682,
    "posX": 0.06020355356218736,
    "posY": 0.05261342073486287
  },
  "data-0_28-0_5": {
    "wm": 0.5026737967914439,
    "shape": 1.0,
    "scale": 0.0780748663101604,
    "orientation": 0.16015357191827775,
    "posX": 0.06313610488183546,
    "posY": 0.06089356563739868
  },
  "data-0_3-0_5": {
    "wm": 0.5240641711229946,
    "shape": 1.0,
    "scale": 0.11229946524064172,
    "orientation": 0.156588509529686,
    "posX": 0.09159910298430222,
    "posY": 0.08832154562704848
  },
  "data-0_32-0_5": {
    "wm": 0.48663101604278075,
    "shape": 0.9946524064171123,
    "scale": 0.09625668449197855,
    "orientation": 0.16975181681064028,
    "posX": 0.08625150940141456,
    "posY": 0.06900120752113165
  },
  "data-0_34-0_5": {
    "wm": 0.44385026737967914,
    "shape": 0.9946524064171123,
    "scale": 0.08877005347593579,
    "orientation": 0.17098587686822975,
    "posX": 0.06296360186303261,
    "posY": 0.07710884940486458
  },
  "data-0_36-0_5": {
    "wm": 0.5187165775401069,
    "shape": 1.0,
    "scale": 0.09839572192513364,
    "orientation": 0.16728369669546136,
    "posX": 0.09021907883387967,
    "posY": 0.07193375884077971
  },
  "data-0_38-0_5": {
    "wm": 0.6203208556149733,
    "shape": 0.9411764705882353,
    "scale": 0.10267379679144382,
    "orientation": 0.14479638009049767,
    "posX": 0.09384164222873899,
    "posY": 0.0859065033638089
  },
  "data-0_4-0_5": {
    "wm": 0.5080213903743316,
    "shape": 0.9732620320855615,
    "scale": 0.11336898395721927,
    "orientation": 0.17002605237899357,
    "posX": 0.08366396411937212,
    "posY": 0.08159392789373814
  },
  "data-0_42-0_5": {
    "wm": 0.5240641711229946,
    "shape": 0.9893048128342246,
    "scale": 0.13368983957219246,
    "orientation": 0.1661867544220485,
    "posX": 0.08642401242021737,
    "posY": 0.08866655166465416
  },
  "data-0_44-0_5": {
    "wm": 0.5133689839572193,
    "shape": 0.9946524064171123,
    "scale": 0.11122994652406415,
    "orientation": 0.16495269436445906,
    "posX": 0.08901155770225981,
    "posY": 0.09884422977402103
  },
  "data-0_46-0_5": {
    "wm": 0.5401069518716578,
    "shape": 0.983957219251337,
    "scale": 0.0994652406417112,
    "orientation": 0.1655011655011654,
    "posX": 0.08090391581852682,
    "posY": 0.07555632223563913
  },
  "data-0_48-0_5": {
    "wm": 0.49732620320855614,
    "shape": 0.9946524064171123,
    "scale": 0.12299465240641708,
    "orientation": 0.15178938708350462,
    "posX": 0.0902190788338796,
    "posY": 0.08832154562704848
  },
  "data-0_5-0_5": {
    "wm": 0.48128342245989303,
    "shape": 0.9893048128342246,
    "scale": 0.07700534759358285,
    "orientation": 0.16344439873851632,
    "posX": 0.07797136449887877,
    "posY": 0.07469380714162499
  },
  "data-0_52-0_5": {
    "wm": 0.5026737967914439,
    "shape": 1.0,
    "scale": 0.08342245989304811,
    "orientation": 0.1641299876593994,
    "posX": 0.056235984129722305,
    "posY": 0.05468345696049682
  },
  "data-0_54-0_5": {
    "wm": 0.5187165775401069,
    "shape": 0.9946524064171123,
    "scale": 0.09946524064171118,
    "orientation": 0.16317016317016317,
    "posX": 0.07383129204761085,
    "posY": 0.07969639468690703
  },
  "data-0_56-0_5": {
    "wm": 0.5347593582887701,
    "shape": 0.983957219251337,
    "scale": 0.0802139037433155,
    "orientation": 0.16892911010558068,
    "posX": 0.05606348111091946,
    "posY": 0.051233396584440226
  },
  "data-0_58-0_5": {
    "wm": 0.5187165775401069,
    "shape": 0.9679144385026738,
    "scale": 0.13155080213903736,
    "orientation": 0.18853695324283548,
    "posX": 0.09591167845437294,
    "posY": 0.09090909090909088
  },
  "data-0_6-0_5": {
    "wm": 0.5454545454545454,
    "shape": 0.9946524064171123,
    "scale": 0.06417112299465237,
    "orientation": 0.17043740573152333,
    "posX": 0.06382611695704675,
    "posY": 0.0557184750733138
  },
  "data-0_62-0_5": {
    "wm": 0.5133689839572193,
    "shape": 0.9946524064171123,
    "scale": 0.10267379679144382,
    "orientation": 0.16604963663787187,
    "posX": 0.09021907883387963,
    "posY": 0.09039158185268244
  },
  "data-0_64-0_5": {
    "wm": 0.4385026737967914,
    "shape": 1.0,
    "scale": 0.07914438502673793,
    "orientation": 0.1436994378170848,
    "posX": 0.06675866827669487,
    "posY": 0.07434880110401937
  },
  "data-0_66-0_5": {
    "wm": 0.5721925133689839,
    "shape": 0.9893048128342246,
    "scale": 0.09304812834224596,
    "orientation": 0.16961469902646364,
    "posX": 0.07952389166810422,
    "posY": 0.07141624978437126
  },
  "data-0_68-0_5": {
    "wm": 0.5187165775401069,
    "shape": 0.9946524064171123,
    "scale": 0.08342245989304811,
    "orientation": 0.1576854518030988,
    "posX": 0.06813869242711751,
    "posY": 0.07383129204761084
  },
  "data-0_7-0_5": {
    "wm": 0.6096256684491979,
    "shape": 0.9893048128342246,
    "scale": 0.09625668449197858,
    "orientation": 0.16755793226381457,
    "posX": 0.08228393996894946,