{
  "data-0_4-0_5": {
    "wm": 0.4625,
    "shape": 0.995,
    "scale": 0.086,
    "orientation": 0.16769230769230767,
    "posX": 0.06741935483870971,
    "posY": 0.0725
  },
  "data-0_42-0_5": {
    "wm": 0.5075,
    "shape": 0.995,
    "scale": 0.11049999999999997,
    "orientation": 0.16858974358974352,
    "posX": 0.08483870967741941,
    "posY": 0.080483870967742
  },
  "data-0_44-0_5": {
    "wm": 0.515,
    "shape": 0.9975,
    "scale": 0.10400000000000001,
    "orientation": 0.1667948717948718,
    "posX": 0.08661290322580649,
    "posY": 0.07669354838709679
  },
  "data-0_46-0_5": {
    "wm": 0.5425,
    "shape": 0.99,
    "scale": 0.09949999999999999,
    "orientation": 0.17288461538461536,
    "posX": 0.08258064516129035,
    "posY": 0.0816935483870968
  },
  "data-0_48-0_5": {
    "wm": 0.5325,
    "shape": 1.0,
    "scale": 0.11099999999999997,
    "orientation": 0.1569230769230769,
    "posX": 0.08306451612903232,
    "posY": 0.07153225806451619
  },
  "data-0_5-0_5": {
    "wm": 0.475,
    "shape": 0.9975,
    "scale": 0.09349999999999996,
    "orientation": 0.16070512820512817,
    "posX": 0.07290322580645164,
    "posY": 0.06814516129032262
  },
  "data-0_52-0_5": {
    "wm": 0.5275,
    "shape": 0.9975,
    "scale": 0.09249999999999999,
    "orientation": 0.16570512820512825,
    "posX": 0.06153225806451612,
    "posY": 0.06024193548387096
  },
  "data-0_54-0_5": {
    "wm": 0.515,
    "shape": 1.0,
    "scale": 0.09099999999999998,
    "orientation": 0.16339743589743588,
    "posX": 0.06919354838709679,
    "posY": 0.07629032258064518
  },
  "data-0_56-0_5": {
    "wm": 0.5375,
    "shape": 0.9975,
    "scale": 0.07849999999999996,
    "orientation": 0.1646153846153846,
    "posX": 0.05935483870967742,
    "posY": 0.056854838709677454
  },
  "data-0_58-0_5": {
    "wm": 0.5575,
    "shape": 0.9475,
    "scale": 0.13050000000000012,
    "orientation": 0.20339743589743584,
    "posX": 0.11693548387096776,
    "posY": 0.11661290322580649
  },
  "data-0_6-0_5": {
    "wm": 0.5525,
    "shape": 0.9875,
    "scale": 0.07299999999999994,
    "orientation": 0.1767307692307692,
    "posX": 0.06153225806451615,
    "posY": 0.05862903225806452
  },
  "data-0_62-0_5": {
    "wm": 0.5225,
    "shape": 0.995,
    "scale": 0.07999999999999993,
    "orientation": 0.16858974358974357,
    "posX": 0.07532258064516131,
    "posY": 0.07112903225806455
  },
  "data-0_64-0_5": {
    "wm": 0.4875,
    "shape": 0.99,
    "scale": 0.09849999999999999,
    "orientation": 0.14589743589743598,
    "posX": 0.07766129032258068,
    "posY": 0.07620967741935489
  },
  "data-0_66-0_5": {
    "wm": 0.5675,
    "shape": 0.985,
    "scale": 0.09199999999999997,
    "orientation": 0.17237179487179485,
    "posX": 0.06370967741935486,
    "posY": 0.06088709677419353
  },
  "data-0_68-0_5": {
    "wm": 0.5325,
    "shape": 1.0025,
    "scale": 0.07749999999999996,
    "orientation": 0.1641666666666667,
    "posX": 0.06854838709677417,
    "posY": 0.05612903225806453
  },
  "data-0_7-0_5": {
    "wm": 0.625,
    "shape": 0.985,
    "scale": 0.08749999999999998,
    "orientation": 0.1767948717948716,
    "posX": 0.07233870967741936,
    "posY": 0.07112903225806455
  },
  "data-0_72-0_5": {
    "wm": 0.5825,
    "shape": 0.9725,
    "scale": 0.10550000000000007,
    "orientation": 0.19839743589743578,
    "posX": 0.08685483870967746,
    "posY": 0.08338709677419358
  },
  "data-0_74-0_5": {
    "wm": 0.53,
    "shape": 0.9625,
    "scale": 0.08049999999999992,
    "orientation": 0.1876923076923077,
    "posX": 0.07241935483870977,
    "posY": 0.07072580645161299
  },
  "data-0_76-0_5": {
    "wm": 0.5375,
    "shape": 0.985,
    "scale": 0.085,
    "orientation": 0.16762820512820517,
    "posX": 0.06588709677419358,
    "posY": 0.06870967741935485
  },
  "data-0_78-0_5": {
    "wm": 0.565,
    "shape": 0.995,
    "scale": 0.05899999999999996,
    "orientation": 0.17570512820512815,
    "posX": 0.05661290322580647,
    "posY": 0.05096774193548388
  },
  "data-0_8-0_5": {
    "wm": 0.5325,
    "shape": 0.99,
    "scale": 0.088,
    "orientation": 0.1792307692307692,
    "posX": 0.07040322580645167,
    "posY": 0.07766129032258066
  },
  "data-0_82-0_5": {
    "wm": 0.585,
    "shape": 0.98,
    "scale": 0.07299999999999997,
    "orientation": 0.18326923076923066,
    "posX": 0.05911290322580648,
    "posY": 0.057338709677419365
  },
  "data-0_84-0_5": {
    "wm": 0.5275,
    "shape": 0.96,
    "scale": 0.11100000000000003,
    "orientation": 0.20448717948717945,
    "posX": 0.09153225806451618,
    "posY": 0.09758064516129035
  },
  "data-0_86-0_5": {
    "wm": 0.57,
    "shape": 0.435,
    "scale": 0.1385000000000001,
    "orientation": 0.2028205128205135,
    "posX": 0.11677419354838715,
    "posY": 0.11483870967741934
  },
  "data-0_88-0_5": {
    "wm": 0.765,
    "shape": 0.0,
    "scale": 0.0,
    "orientation": 0.0005128205128205128,
    "posX": 0.0006451612903225806,
    "posY": 0.0015322580645161289
  },
  "data-0_9-0_5": {
    "wm": 0.9175,
    "shape": 0.0,
    "scale": 0.0,
    "orientation": 0.0,
    "posX": 0.0,
    "posY": 0.0
  },
  "data-0_92-0_5": {
    "wm": 0.995,
    "shape": 0.0,
    "scale": 0.0,
    "orientation": 0.0,
    "posX": 0.0,
    "posY": 0.0
  },
  "data-0_94-0_5": {
    "wm": 1.0,
    "shape": 0.0,
    "scale": 0.0,
    "orientation": 0.0,
    "posX": 0.0,
    "posY": 0.0
  },
  "data-0_96-0_5": {
    "wm": 1.0,
    "shape": 0.0,
    "scale": 0.0,
    "orientation": 0.0,
    "posX": 0.0,
    "posY": 0.0
  },
  "data-0_98-0_5": {
    "wm": 1.0,
    "shape": 0.0,
    "scale": 0.0,
    "orientation": 0.0,
    "posX": 0.0,
    "posY": 0.0
  },
  "data-1.0-0_5": {
    "wm": 1.0,
    "shape": 0.0,
    "scale": 0.0,
    "orientation": 0.0,
    "posX": 0.0,
    "posY": 8.064516129032258e-05
  }
}