{"0.0": {"m0_mi": 3.13400784131606e-05, "m0_rho": 0.0, "m1_mlc": 0.006167794726788998, "m1_mlc_euclid": 0.004660233152972488, "m1_pf": 0.001, "m2_mac1": 0.017683465028068727, "m2_mac_euclid": 0.0033756948241315853, "m2_mac_cosine": 0.03211444246768951, "m2_mac_cosine_weigh": 0.02993191838264465, "m2_mac_cosine_2": 0.03211444246768951, "m2_rma": 0.00889925739385788, "m2_rma_val": 0.07294475805950384, "m2_rma_euclid": 0.03980382893828323, "m2_rra": 0.006052462188061327, "m2_rra_euclid": 0.03377374848723411, "m2_pg": 0.07723452490568161}, "0.05": {"m0_mi": 0.00022328932065930607, "m0_rho": 0.05, "m1_mlc": 0.00809731164574623, "m1_mlc_euclid": 0.005436991658425866, "m1_pf": 0.001, "m2_mac1": 0.013723177237732614, "m2_mac_euclid": 0.002539046877878203, "m2_mac_cosine": 0.0034427793025970464, "m2_mac_cosine_weigh": 0.0028897674679756163, "m2_mac_cosine_2": 0.0034427793025970464, "m2_rma": 0.0092036082190466, "m2_rma_val": 0.07617084444319208, "m2_rma_euclid": 0.04385572002864819, "m2_rra": 0.00843598490115255, "m2_rra_euclid": 0.04918641246855259, "m2_pg": 0.0881357152312994}, "0.1": {"m0_mi": 0.0004534345919882269, "m0_rho": 0.1, "m1_mlc": 0.011752858139574529, "m1_mlc_euclid": 0.009904879042150391, "m1_pf": 0.005, "m2_mac1": 0.01864252096635198, "m2_mac_euclid": 0.005114996987655445, "m2_mac_cosine": 0.0406091741323471, "m2_mac_cosine_weigh": 0.03970698726177215, "m2_mac_cosine_2": 0.0406091741323471, "m2_rma": 0.013347136248721513, "m2_rma_val": 0.10880549057772261, "m2_rma_euclid": 0.06559681498520539, "m2_rra": 0.012406439542071894, "m2_rra_euclid": 0.06793344413675369, "m2_pg": 0.09597023931145668}, "0.15": {"m0_mi": 0.0005299785485278926, "m0_rho": 0.15, "m1_mlc": 0.006884716354310512, "m1_mlc_euclid": 0.005163983809922755, "m1_pf": 0.002, "m2_mac1": 0.020161035808222667, "m2_mac_euclid": 0.003760444796605953, "m2_mac_cosine": 0.049618959426879876, "m2_mac_cosine_weigh": 0.0486973152756691, "m2_mac_cosine_2": 0.049618959426879876, "m2_rma": 0.013614979094599447, "m2_rma_val": 0.10987736150747604, "m2_rma_euclid": 0.06860136021046537, "m2_rra": 0.011342045525554567, "m2_rra_euclid": 0.06737692979723214, "m2_pg": 0.12485476425290108}, "0.2": {"m0_mi": 0.0016602039066654613, "m0_rho": 0.2, "m1_mlc": 0.006770368423312903, "m1_mlc_euclid": 0.006699012784645242, "m1_pf": 0.001, "m2_mac1": 0.02241030875443198, "m2_mac_euclid": 0.0038760559583478206, "m2_mac_cosine": 0.006729425370693207, "m2_mac_cosine_weigh": 0.004314836323261261, "m2_mac_cosine_2": 0.006729425370693207, "m2_rma": 0.010214192979931733, "m2_rma_val": 0.08357044035193643, "m2_rma_euclid": 0.04681315321649029, "m2_rra": 0.008455492466455326, "m2_rra_euclid": 0.04467634909413755, "m2_pg": 0.082266667842865}, "0.25": {"m0_mi": 0.002543931765932529, "m0_rho": 0.25, "m1_mlc": 0.008365496277809144, "m1_mlc_euclid": 0.006578401142570244, "m1_pf": 0.002, "m2_mac1": 0.008601781523559114, "m2_mac_euclid": 0.0017714744209579294, "m2_mac_cosine": 0.008538123190402983, "m2_mac_cosine_weigh": 0.007989684164524077, "m2_mac_cosine_2": 0.008538123190402983, "m2_rma": 0.012109280640661382, "m2_rma_val": 0.09795250997802395, "m2_rma_euclid": 0.05316280032866597, "m2_rra": 0.01013257585768588, "m2_rra_euclid": 0.05201304736919701, "m2_pg": 0.09280476312339306}, "0.3": {"m0_mi": 0.008739403591846072, "m0_rho": 0.3, "m1_mlc": 0.007170003660488874, "m1_mlc_euclid": 0.006165243795301052, "m1_pf": 0.0, "m2_mac1": 0.01674345393539539, "m2_mac_euclid": 0.003045244613948569, "m2_mac_cosine": 0.04386833888292313, "m2_mac_cosine_weigh": 0.0423782063126564, "m2_mac_cosine_2": 0.04386833888292313, "m2_rma": 0.011479823771391751, "m2_rma_val": 0.09332687163734772, "m2_rma_euclid": 0.0557890914504801, "m2_rra": 0.01012670458201319, "m2_rra_euclid": 0.05759373097121715, "m2_pg": 0.07896785902976991}, "0.35": {"m0_mi": 0.019099495091725684, "m0_rho": 0.35, "m1_mlc": 0.005952674008905888, "m1_mlc_euclid": 0.005233974434983565, "m1_pf": 0.001, "m2_mac1": 0.02019095913988883, "m2_mac_euclid": 0.003788776658144002, "m2_mac_cosine": 0.0025889431834220885, "m2_mac_cosine_weigh": 0.0016401978731155396, "m2_mac_cosine_2": 0.0025889431834220885, "m2_rma": 0.01437688406292696, "m2_rma_val": 0.11681779440703326, "m2_rma_euclid": 0.06852778717034266, "m2_rra": 0.013432840935885907, "m2_rra_euclid": 0.0757763239517808, "m2_pg": 0.10386785900592803}, "0.4": {"m0_mi": 0.0368857677123026, "m0_rho": 0.4, "m1_mlc": 0.004040606364607811, "m1_mlc_euclid": 0.0034939654360802526, "m1_pf": 0.0, "m2_mac1": 0.030649274442376227, "m2_mac_euclid": 0.004997974712279529, "m2_mac_cosine": 0.002911260426044464, "m2_mac_cosine_weigh": 0.001435704529285431, "m2_mac_cosine_2": 0.002911260426044464, "m2_rma": 0.00851707834095431, "m2_rma_val": 0.07042831845891963, "m2_rma_euclid": 0.04192254226870008, "m2_rra": 0.007240719698835163, "m2_rra_euclid": 0.03972949306294322, "m2_pg": 0.08060595402121544}, "0.45": {"m0_mi": 0.04875712327567831, "m0_rho": 0.45, "m1_mlc": 0.011715454738587141, "m1_mlc_euclid": 0.009139219742481892, "m1_pf": 0.004, "m2_mac1": 0.02430971500802434, "m2_mac_euclid": 0.005767401760207236, "m2_mac_cosine": 0.045294917821884155, "m2_mac_cosine_weigh": 0.04397688770294189, "m2_mac_cosine_2": 0.045294917821884155, "m2_rma": 0.01144412452066763, "m2_rma_val": 0.0951699172054482, "m2_rma_euclid": 0.05366760021131995, "m2_rra": 0.010892613745993004, "m2_rra_euclid": 0.06014220265485346, "m2_pg": 0.09375476390123366}, "0.5": {"m0_mi": 0.07269150429353927, "m0_rho": 0.5, "m1_mlc": 0.002795650072395802, "m1_mlc_euclid": 0.002496548076324188, "m1_pf": 0.0, "m2_mac1": 0.02264390187978131, "m2_mac_euclid": 0.0041251421909807105, "m2_mac_cosine": 0.005364939212799073, "m2_mac_cosine_weigh": 0.002588709592819214, "m2_mac_cosine_2": 0.005364939212799073, "m2_rma": 0.013700496220176078, "m2_rma_val": 0.11046288189331177, "m2_rma_euclid": 0.07066539259169133, "m2_rra": 0.011357386437710375, "m2_rra_euclid": 0.07426643089205026, "m2_pg": 0.11703452557325363}, "0.55": {"m0_mi": 0.12612549502421191, "m0_rho": 0.55, "m1_mlc": 0.012951907046139242, "m1_mlc_euclid": 0.012188917727238893, "m1_pf": 0.003, "m2_mac1": 0.05659322342024128, "m2_mac_euclid": 0.011114021702640628, "m2_mac_cosine": 0.006119881689548493, "m2_mac_cosine_weigh": 0.003677810192108154, "m2_mac_cosine_2": 0.006119881689548493, "m2_rma": 0.01992625208862182, "m2_rma_val": 0.1608939579659218, "m2_rma_euclid": 0.09519386203331852, "m2_rra": 0.017699621383100748, "m2_rra_euclid": 0.10000221688672899, "m2_pg": 0.1412785745859146}, "0.6": {"m0_mi": 0.19122974085608743, "m0_rho": 0.6, "m1_mlc": 0.02423679218441248, "m1_mlc_euclid": 0.020820209809182758, "m1_pf": 0.004, "m2_mac1": 0.050348609220086035, "m2_mac_euclid": 0.011158190088398384, "m2_mac_cosine": 0.023420395016670224, "m2_mac_cosine_weigh": 0.01592638635635376, "m2_mac_cosine_2": 0.023420395016670224, "m2_rma": 0.031375705297117154, "m2_rma_val": 0.2529923952025854, "m2_rma_euclid": 0.14918197650143977, "m2_rra": 0.03360401520156302, "m2_rra_euclid": 0.1864638411961496, "m2_pg": 0.25148333598673345}, "0.65": {"m0_mi": 0.23879065632982516, "m0_rho": 0.65, "m1_mlc": 0.026182803399860857, "m1_mlc_euclid": 0.017858736529993084, "m1_pf": 0.003, "m2_mac1": 0.07973431517678363, "m2_mac_euclid": 0.016793384323982308, "m2_mac_cosine": 0.021459466516971587, "m2_mac_cosine_weigh": 0.012940623581409457, "m2_mac_cosine_2": 0.021459466516971587, "m2_rma": 0.028490299657273302, "m2_rma_val": 0.23153132143624744, "m2_rma_euclid": 0.14032860124554708, "m2_rra": 0.03385522738518193, "m2_rra_euclid": 0.1904863521642983, "m2_pg": 0.26582023976743224}, "0.7": {"m0_mi": 0.3234069563868138, "m0_rho": 0.7, "m1_mlc": 0.05454592651873827, "m1_mlc_euclid": 0.04905437052357523, "m1_pf": 0.012, "m2_mac1": 0.10457109444925118, "m2_mac_euclid": 0.027990114511373575, "m2_mac_cosine": 0.062262115776538854, "m2_mac_cosine_weigh": 0.05748925042152405, "m2_mac_cosine_2": 0.062262115776538854, "m2_rma": 0.027495309988525146, "m2_rma_val": 0.22258309937526388,