{
    "0.0": {
        "m0_mi": 0.00037809431923375677,
        "m0_rho": 0.0,
        "m1_mlc": 0.0009240961074829102,
        "m1_mlc_euclid": 0.001341491754927766,
        "m1_pf": 0.0,
        "m2_mac1": 0.0100509498671272,
        "m2_mac_hamming": 0.00497797456820687,
        "m2_mac_hamming_weigh": 0.0016751583111878666,
        "m2_mac_euclid": 0.0015760463516537014,
        "m2_mac_euclid_weigh": 0.0006907839450949638,
        "m2_mac_cosine": 0.027175237536430363,
        "m2_mac_cosine_weigh": 0.027201671004295346,
        "m2_mac_cosine_2": 0.027175237536430363,
        "m2_rma": NaN,
        "m2_rma_euclid": 0.007342858703991623,
        "m2_rra": NaN,
        "m2_rra_euclid": 0.005042822062969208,
        "m2_pg": 0.009000000208616256
    },
    "0.05": {
        "m0_mi": 1.5192073808031225e-07,
        "m0_rho": 0.05,
        "m1_mlc": 0.0025391016528010374,
        "m1_mlc_euclid": 0.004149198667455991,
        "m1_pf": 0.0,
        "m2_mac1": 0.012216519301900916,
        "m2_mac_hamming": 0.008919388387715419,
        "m2_mac_hamming_weigh": 0.0020360865503168193,
        "m2_mac_euclid": 0.0022842866013695587,
        "m2_mac_euclid_weigh": 0.0007408675345038774,
        "m2_mac_cosine": 0.004361721575260162,
        "m2_mac_cosine_weigh": 0.0004809415340423584,
        "m2_mac_cosine_2": 0.004361721575260162,
        "m2_rma": NaN,
        "m2_rma_euclid": 0.007642352255820696,
        "m2_rra": NaN,
        "m2_rra_euclid": 0.0020429462846368552,
        "m2_pg": 0.00783333346247673
    },
    "0.1": {
        "m0_mi": 3.16628928821805e-06,
        "m0_rho": 0.1,
        "m1_mlc": 0.00503083011135459,
        "m1_mlc_euclid": 0.006521871746911464,
        "m1_pf": 0.0,
        "m2_mac1": 0.017118138264082743,
        "m2_mac_hamming": 0.01104050467789307,
        "m2_mac_hamming_weigh": 0.0028530230440137914,
        "m2_mac_euclid": 0.004147929351022697,
        "m2_mac_euclid_weigh": 0.0012051190448113401,
        "m2_mac_cosine": 0.03054273009300232,
        "m2_mac_cosine_weigh": 0.030419529974460603,
        "m2_mac_cosine_2": 0.03054273009300232,
        "m2_rma": NaN,
        "m2_rma_euclid": 0.007299570038600222,
        "m2_rra": NaN,
        "m2_rra_euclid": 0.0008110042847692966,
        "m2_pg": 0.006500000208616257
    },
    "0.15": {
        "m0_mi": 1.0157871173129523e-05,
        "m0_rho": 0.15,
        "m1_mlc": 0.0057671269774436954,
        "m1_mlc_euclid": 0.00357442635708594,
        "m1_pf": 0.005,
        "m2_mac1": 0.01186037029824888,
        "m2_mac_hamming": 0.006800946294223043,
        "m2_mac_hamming_weigh": 0.00197672838304148,
        "m2_mac_euclid": 0.002230379822283908,
        "m2_mac_euclid_weigh": 0.0008004009445380688,
        "m2_mac_cosine": 0.06619153439998626,
        "m2_mac_cosine_weigh": 0.06561940342187882,
        "m2_mac_cosine_2": 0.06619153439998626,
        "m2_rma": NaN,
        "m2_rma_euclid": 0.011714187812565502,
        "m2_rra": NaN,
        "m2_rra_euclid": 0.004263126421719789,
        "m2_pg": 0.012666666731238365
    },
    "0.2": {
        "m0_mi": 0.0006367498696219528,
        "m0_rho": 0.2,
        "m1_mlc": 0.0008669601380825043,
        "m1_mlc_euclid": 0.0024296715634765324,
        "m1_pf": 0.0,
        "m2_mac1": 0.009488738366799226,
        "m2_mac_hamming": 0.0056318311125869505,
        "m2_mac_hamming_weigh": 0.0015814563944665377,
        "m2_mac_euclid": 0.0017900797338552368,
        "m2_mac_euclid_weigh": 0.0005906673430172305,
        "m2_mac_cosine": 0.0008760976791381836,
        "m2_mac_cosine_weigh": 0.000343714952468872,
        "m2_mac_cosine_2": 0.0008760976791381836,
        "m2_rma": NaN,
        "m2_rma_euclid": 0.005973701294255989,
        "m2_rra": NaN,
        "m2_rra_euclid": 0.0,
        "m2_pg": 0.004000000059604645
    },
    "0.25": {
        "m0_mi": 0.0029592636333290352,
        "m0_rho": 0.25,
        "m1_mlc": 0.005891108922660351,
        "m1_mlc_euclid": 0.010188519107134083,
        "m1_pf": 0.005,
        "m2_mac1": 0.009667499091335685,
        "m2_mac_hamming": 0.006994728897770603,
        "m2_mac_hamming_weigh": 0.0016112498485559477,
        "m2_mac_euclid": 0.002141262553460876,
        "m2_mac_euclid_weigh": 0.0006402514891351528,
        "m2_mac_cosine": 0.0029386118054389957,
        "m2_mac_cosine_weigh": 0.0004906600713729858,
        "m2_mac_cosine_2": 0.0029386118054389957,
        "m2_rma": NaN,
        "m2_rma_euclid": 0.008749703019046819,
        "m2_rra": NaN,
        "m2_rra_euclid": 0.00034046306274831294,
        "m2_pg": 0.005166666731238365
    },
    "0.3": {
        "m0_mi": 0.003407184477209212,
        "m0_rho": 0.3,
        "m1_mlc": 0.0022099508717656137,
        "m1_mlc_euclid": 0.004274937614528227,
        "m1_pf": 0.0,
        "m2_mac1": 0.010737803043630267,
        "m2_mac_hamming": 0.00500525267248122,
        "m2_mac_hamming_weigh": 0.0017896338406050438,
        "m2_mac_euclid": 0.0016459101948976239,
        "m2_mac_euclid_weigh": 0.0006913520892896939,
        "m2_mac_cosine": 0.03535909920930862,
        "m2_mac_cosine_weigh": 0.035317190289497376,
        "m2_mac_cosine_2": 0.03535909920930862,
        "m2_rma": NaN,
        "m2_rma_euclid": 0.006216465445645554,
        "m2_rra": NaN,
        "m2_rra_euclid": 0.0,
        "m2_pg": 0.010500000268220903
    },
    "0.35": {
        "m0_mi": 0.013702022241818297,
        "m0_rho": 0.35,
        "m1_mlc": 0.0036237209662795065,
        "m1_mlc_euclid": 0.007642130105708063,
        "m1_pf": 0.0,
        "m2_mac1": 0.01274994196699936,
        "m2_mac_hamming": 0.006191306548046972,
        "m2_mac_hamming_weigh": 0.0021249903278332265,
        "m2_mac_euclid": 0.0021668065063002472,
        "m2_mac_euclid_weigh": 0.0009259961691338959,
        "m2_mac_cosine": 0.006119758188724516,
        "m2_mac_cosine_weigh": 0.005603525340557098,
        "m2_mac_cosine_2": 0.006119758188724516,
        "m2_rma": NaN,
        "m2_rma_euclid": 0.012730846090430818,
        "m2_rra": NaN,
        "m2_rra_euclid": 0.007070090109482408,
        "m2_pg": 0.013916666731238364
    },
    "0.4": {
        "m0_mi": 0.029048091798691666,
        "m0_rho": 0.4,
        "m1_mlc": 0.0008757434971630574,
        "m1_mlc_euclid": 0.0013229444184308648,
        "m1_pf": 0.0,
        "m2_mac1": 0.014022025313825,
        "m2_mac_hamming": 0.012296108147711492,
        "m2_mac_hamming_weigh": 0.0023370042189708334,
        "m2_mac_euclid": 0.003218477221698777,
        "m2_mac_euclid_weigh": 0.0008349390279317959,
        "m2_mac_cosine": 0.0036571645736694336,
        "m2_mac_cosine_weigh": 0.0003763443231582642,
        "m2_mac_cosine_2": 0.0036571645736694336,
        "m2_rma": NaN,
        "m2_rma_euclid": 0.005994172544716178,
        "m2_rra": NaN,
        "m2_rra_euclid": 0.0,
        "m2_pg": 0.0008333333581686021
    },
    "0.45": {
        "m0_mi": 0.048752542880277513,
        "m0_rho": 0.45,
        "m1_mlc": 0.003424806264229118,
        "m1_mlc_euclid": 0.003749408861330607,
        "m1_pf": 0.0,
        "m2_mac1": 0.01700235491317017,
        "m2_mac_hamming": 0.010116993354919638,
        "m2_mac_hamming_weigh": 0.002833725818861694,
        "m2_mac_euclid": 0.003285037377648905,
        "m2_mac_euclid_weigh": 0.0011155550500052413,
        "m2_mac_cosine": 0.03755697727203369,
        "m2_mac_cosine_weigh": 0.035920173227787025,
        "m2_mac_cosine_2": 0.03755697727203369,
        "m2_rma": NaN,
        "m2_rma_euclid": 0.006942955900988749,
        "m2_rra": NaN,
        "m2_rra_euclid": 0.0001178511418402195,
        "m2_pg": 0.007083333432674408
    },
    "0.5": {
        "m0_mi": 0.08082220793919317,
        "m0_rho": 0.5,
        "m1_mlc": 0.004654578566551208,
        "m1_mlc_euclid": 0.005781938837370007,
        "m1_pf": 0.005,
        "m2_mac1": 0.014227324612995747,
        "m2_mac_hamming": 0.007785242550974847,
        "m2_mac_hamming_weigh": 0.0023712207688326246,
        "m2_mac_euclid": 0.002314499621698474,